{"nodes":{"node:1":{"location":{"x":100,"y":200}},"node:172":{"location":{"x":323,"y":205}},"node:177":{"location":{"x":328,"y":128}},"node:180":{"location":{"x":712,"y":205}},"node:185":{"location":{"x":730,"y":128}},"node:214":{"location":{"x":1144,"y":205}},"node:219":{"location":{"x":1144,"y":128}},"node:222":{"location":{"x":1592,"y":205}},"node:227":{"location":{"x":1559,"y":122}},"node:230":{"location":{"x":1864,"y":205}},"node:236":{"location":{"x":1866,"y":128}},"node:239":{"location":{"x":1848,"y":48}},"node:274":{"location":{"x":392,"y":610}},"node:280":{"location":{"x":392,"y":528}},"node:283":{"location":{"x":394,"y":448}},"node:286":{"location":{"x":699,"y":610}},"node:292":{"location":{"x":701,"y":526}},"node:296":{"location":{"x":696,"y":448}},"node:299":{"location":{"x":698,"y":702}},"node:3":{"location":{"x":180,"y":605}},"node:326":{"location":{"x":1448,"y":609}},"node:335":{"location":{"x":1128,"y":510}},"node:339":{"location":{"x":1123,"y":432}},"node:342":{"location":{"x":1173,"y":734}},"node:346":{"location":{"x":1109,"y":651}},"node:349":{"location":{"x":1122,"y":915}},"node:353":{"location":{"x":1106,"y":836}},"node:357":{"location":{"x":1148,"y":1162}},"node:361":{"location":{"x":872,"y":1102}},"node:365":{"location":{"x":808,"y":1024}},"node:369":{"location":{"x":1222,"y":1365}},"node:374":{"location":{"x":888,"y":1278}},"node:378":{"location":{"x":840,"y":1200}},"node:382":{"location":{"x":1640,"y":541}}},"selection":null,"view":{"scroll":{"x":164.963699340820312,"y":91.2705841064453125},"visible_rect":{"max":{"x":2929.28515625,"y":1573.6943359375},"min":{"x":219.951629638671875,"y":121.694129943847656}},"zoom":0.749999940395355225}}